True Positives	 False Negatives	 False Positives	 True Negatives	 False Positive Rate	 True Positive Rate	 Precision numeric	 Recall numeric	 Fallout numeric	 FMeasure numeric	 Sample Size	 Lift numeric	 Threshold numeric		da curva maior para a menor
39	0	156	0	1	1	0,2	1	0,8	0,333333	1	1	0		spCatalog
38	1	126	30	0,807692	0,974359	0,231707	0,974359	0,768293	0,374384	0,841026	1,158537	0,001667		spOccurence
37	2	126	30	0,807692	0,948718	0,226994	0,948718	0,773006	0,366337	0,835897	1,134969	2		expObservation
37	2	125	31	0,801282	0,948718	0,228395	0,948718	0,771605	0,368159	0,830769	1,141975	0,003333		spMonitoring
37	2	124	32	0,794872	0,948718	0,229814	0,948718	0,770186	0,37	0,825641	1,149068	0,008312		geneData
36	3	124	32	0,794872	0,923077	225	0,923077	775	0,361809	0,820513	1125	0,009167		
36	3	123	33	0,788462	0,923077	0,226415	0,923077	0,773585	0,363636	0,815385	1,132075	0,01		
36	3	114	42	0,730769	0,923077	0,24	0,923077	0,76	0,380952	0,769231	1,2	0,01		
36	3	113	43	0,724359	0,923077	0,241611	0,923077	0,758389	0,382979	0,764103	1,208054	0,010625		
36	3	112	44	0,717949	0,923077	0,243243	0,923077	0,756757	0,385027	0,758974	1,216216	14		
35	4	112	44	0,717949	0,897436	0,238095	0,897436	0,761905	0,376344	0,753846	1,190476	15		
35	4	110	46	0,705128	0,897436	0,241379	0,897436	0,758621	0,380435	0,74359	1,206897	0,02		
35	4	106	50	0,679487	0,897436	0,248227	0,897436	0,751773	0,388889	0,723077	1,241135	0,020577		
35	4	105	51	0,673077	0,897436	0,25	0,897436	0,75	0,391061	0,717949	1,25	0,03		
34	5	104	52	0,666667	0,871795	0,246377	0,871795	0,753623	0,384181	0,707692	1,231884	0,036455		
34	5	103	53	0,660256	0,871795	0,248175	0,871795	0,751825	0,386364	0,702564	1,240876	0,036667		
34	5	102	54	0,653846	0,871795	0,25	0,871795	0,75	0,388571	0,697436	1,25	0,04		
34	5	101	55	0,647436	0,871795	0,251852	0,871795	0,748148	0,390805	0,692308	1,259259	0,04		
33	6	100	56	0,641026	0,846154	0,24812	0,846154	0,75188	0,383721	0,682051	1,240602	0,041214		
32	7	100	56	0,641026	0,820513	0,242424	0,820513	0,757576	0,374269	0,676923	1,212121	0,041667		
32	7	99	57	0,634615	0,820513	0,244275	0,820513	0,755725	0,376471	0,671795	1,221374	0,05		
32	7	98	58	0,628205	0,820513	0,246154	0,820513	0,753846	0,378698	0,666667	1,230769	0,05		
31	8	94	62	0,602564	0,794872	248	0,794872	752	0,378049	0,641026	1,24	58		
31	8	93	63	0,596154	0,794872	0,25	0,794872	0,75	0,380368	0,635897	1,25	0,06		
29	10	91	65	0,583333	0,74359	0,241667	0,74359	0,758333	0,36478	0,615385	1,208333	0,064901		
28	11	91	65	0,583333	0,717949	0,235294	0,717949	0,764706	0,35443	0,610256	1,176471	0,06619		
28	11	90	66	0,576923	0,717949	0,237288	0,717949	0,762712	0,356688	0,605128	1,186441	0,07		
27	12	86	70	0,551282	0,692308	0,238938	0,692308	0,761062	0,355263	0,579487	1,19469	0,073603		
27	12	85	71	0,544872	0,692308	0,241071	0,692308	0,758929	0,357616	0,574359	1,205357	0,075951		
27	12	84	72	0,538462	0,692308	0,243243	0,692308	0,756757	0,36	0,569231	1,216216	0,077011		
27	12	83	73	0,532051	0,692308	0,245455	0,692308	0,754545	0,362416	0,564103	1,227273	0,08		
27	12	80	76	0,512821	0,692308	0,252336	0,692308	0,747664	0,369863	0,548718	1,261682	0,080043		
27	12	79	77	0,50641	0,692308	0,254717	0,692308	0,745283	0,372414	0,54359	1,273585	0,080833		
27	12	78	78	0,5	0,692308	0,257143	0,692308	0,742857	375	0,538462	1,285714	0,098488		
27	12	77	79	0,49359	0,692308	0,259615	0,692308	0,740385	0,377622	0,533333	1,298077	0,1		
26	13	76	80	0,487179	0,666667	0,254902	0,666667	0,745098	0,368794	0,523077	1,27451	0,103333		
25	14	76	80	0,487179	0,641026	0,247525	0,641026	0,752475	0,357143	0,517949	1,237624	0,103976		
25	14	75	81	0,480769	0,641026	0,25	0,641026	0,75	0,359712	0,512821	1,25	0,1125		
25	14	74	82	0,474359	0,641026	0,252525	0,641026	0,747475	0,362319	0,507692	1,262626	0,115544		
25	14	73	83	0,467949	0,641026	0,255102	0,641026	0,744898	0,364964	0,502564	1,27551	0,11625		
25	14	72	84	0,461538	0,641026	0,257732	0,641026	0,742268	0,367647	0,497436	1,28866	0,124167		
24	15	72	84	0,461538	0,615385	0,25	0,615385	0,75	0,355556	0,492308	1,25	0,125661		
24	15	71	85	0,455128	0,615385	0,252632	0,615385	0,747368	0,358209	0,487179	1,263158	0,128513		
24	15	70	86	0,448718	0,615385	0,255319	0,615385	0,744681	0,360902	0,482051	1,276596	0,13		
24	15	68	88	0,435897	0,615385	0,26087	0,615385	0,73913	0,366412	0,471795	1,304348	0,132917		
24	15	67	89	0,429487	0,615385	0,263736	0,615385	0,736264	0,369231	0,466667	1,318681	0,133198		
24	15	66	90	0,423077	0,615385	0,266667	0,615385	0,733333	0,372093	0,461538	1,333333	0,14		
24	15	65	91	0,416667	0,615385	0,269663	0,615385	0,730337	375	0,45641	1,348315	0,140606		
24	15	64	92	0,410256	0,615385	0,272727	0,615385	0,727273	0,377953	0,451282	1,363636	0,141952		
24	15	63	93	0,403846	0,615385	0,275862	0,615385	0,724138	0,380952	0,446154	1,37931	0,146048		
23	16	63	93	0,403846	0,589744	0,267442	0,589744	0,732558	368	0,441026	1,337209	0,146605		
22	17	63	93	0,403846	0,564103	0,258824	0,564103	0,741176	0,354839	0,435897	1,294118	0,15		
22	17	62	94	0,397436	0,564103	0,261905	0,564103	0,738095	0,357724	0,430769	1,309524	0,153333		
22	17	61	95	0,391026	0,564103	0,26506	0,564103	0,73494	0,360656	0,425641	1,325301	0,155734		
22	17	60	96	0,384615	0,564103	0,268293	0,564103	0,731707	0,363636	0,420513	1,341463	0,163765		
22	17	59	97	0,378205	0,564103	0,271605	0,564103	0,728395	0,366667	0,415385	1,358025	0,16475		
22	17	58	98	0,371795	0,564103	275	0,564103	725	0,369748	0,410256	1375	0,167341		
22	17	57	99	0,365385	0,564103	0,278481	0,564103	0,721519	0,372881	0,405128	1,392405	0,178714		
22	17	56	100	0,358974	0,564103	0,282051	0,564103	0,717949	0,376068	0,4	1,410256	0,181863		
22	17	55	101	0,352564	0,564103	0,285714	0,564103	0,714286	0,37931	0,394872	1,428571	0,183937		
22	17	54	102	0,346154	0,564103	0,289474	0,564103	0,710526	0,382609	0,389744	1,447368	0,188405		
22	17	53	103	0,339744	0,564103	0,293333	0,564103	0,706667	0,385965	0,384615	1,466667	0,189333		
22	17	52	104	0,333333	0,564103	0,297297	0,564103	0,702703	0,389381	0,379487	1,486486	0,197998		
22	17	51	105	0,326923	0,564103	0,30137	0,564103	0,69863	0,392857	0,374359	1,506849	208		
22	17	50	106	0,320513	0,564103	0,305556	0,564103	0,694444	0,396396	0,369231	1,527778	0,208923		
22	17	49	107	0,314103	0,564103	0,309859	0,564103	0,690141	0,4	0,364103	1,549296	0,21		
21	18	48	108	0,307692	0,538462	0,304348	0,538462	0,695652	0,388889	0,353846	1,521739	0,217842		
21	18	47	109	0,301282	0,538462	0,308824	0,538462	0,691176	0,392523	0,348718	1,544118	0,22		
21	18	45	111	0,288462	0,538462	0,318182	0,538462	0,681818	0,4	0,338462	1,590909	0,223333		
20	19	45	111	0,288462	0,512821	0,307692	0,512821	0,692308	0,384615	0,333333	1,538462	0,228333		
20	19	44	112	0,282051	0,512821	0,3125	0,512821	0,6875	0,38835	0,328205	1,5625	0,238384		
20	19	43	113	0,275641	0,512821	0,31746	0,512821	0,68254	0,392157	0,323077	1,587302	0,25		
20	19	42	114	0,269231	0,512821	0,322581	0,512821	0,677419	0,39604	0,317949	1,612903	0,251369		
19	20	42	114	0,269231	0,487179	0,311475	0,487179	0,688525	0,38	0,312821	1,557377	0,253376		
19	20	41	115	0,262821	0,487179	0,316667	0,487179	0,683333	0,383838	0,307692	1,583333	0,253437		
19	20	40	116	0,25641	0,487179	0,322034	0,487179	0,677966	0,387755	0,302564	1,610169	0,262658		
19	20	39	117	0,25	0,487179	0,327586	0,487179	0,672414	0,391753	0,297436	1,637931	0,265765		
18	21	39	117	0,25	0,461538	0,315789	0,461538	0,684211	375	0,292308	1,578947	0,275723		
18	21	38	118	0,24359	0,461538	0,321429	0,461538	0,678571	0,378947	0,287179	1,607143	0,28		
18	21	36	120	0,230769	0,461538	0,333333	0,461538	0,666667	0,387097	0,276923	1,666667	0,284874		
18	21	35	121	0,224359	0,461538	0,339623	0,461538	0,660377	0,391304	0,271795	1,698113	0,29889		
18	21	34	122	0,217949	0,461538	0,346154	0,461538	0,653846	0,395604	0,266667	1,730769	0,2995		
18	21	33	123	0,211538	0,461538	0,352941	0,461538	0,647059	0,4	0,261538	1,764706	0,301358		
18	21	32	124	0,205128	0,461538	0,36	0,461538	0,64	0,404494	0,25641	1,8	0,307567		
18	21	31	125	0,198718	0,461538	0,367347	0,461538	0,632653	0,409091	0,251282	1,836735	0,308841		
18	21	30	126	0,192308	0,461538	375	0,461538	625	0,413793	0,246154	1875	0,311999		
18	21	28	128	0,179487	0,461538	0,391304	0,461538	0,608696	0,423529	0,235897	1,956522	0,323867		
18	21	27	129	0,173077	0,461538	0,4	0,461538	0,6	0,428571	0,230769	2	0,33		
17	22	26	130	0,166667	0,435897	0,395349	0,435897	0,604651	0,414634	0,220513	1,976744	0,34325		
17	22	25	131	0,160256	0,435897	0,404762	0,435897	0,595238	0,419753	0,215385	2,02381	0,3465		
17	22	24	132	0,153846	0,435897	0,414634	0,435897	0,585366	425	0,210256	2,073171	0,347904		
17	22	23	133	0,147436	0,435897	425	0,435897	575	0,43038	0,205128	2125	0,35		
17	22	22	134	0,141026	0,435897	0,435897	0,435897	0,564103	0,435897	0,2	2,179487	0,3595		
16	23	22	134	0,141026	0,410256	0,421053	0,410256	0,578947	0,415584	0,194872	2,105263	0,36		
15	24	22	134	0,141026	0,384615	0,405405	0,384615	0,594595	0,394737	0,189744	2,027027	0,375425		
14	25	22	134	0,141026	0,358974	0,388889	0,358974	0,611111	0,373333	0,184615	1,944444	0,39		
13	26	22	134	0,141026	0,333333	0,371429	0,333333	0,628571	0,351351	0,179487	1,857143	0,390801		
12	27	22	134	0,141026	0,307692	0,352941	0,307692	0,647059	0,328767	0,174359	1,764706	0,392121		
12	27	21	135	0,134615	0,307692	0,363636	0,307692	0,636364	0,333333	0,169231	1,818182	0,397946		
12	27	20	136	0,128205	0,307692	375	0,307692	625	0,338028	0,164103	1875	0,406462		
12	27	19	137	0,121795	0,307692	0,387097	0,307692	0,612903	0,342857	0,158974	1,935484	408		
11	28	19	137	0,121795	0,282051	0,366667	0,282051	0,633333	0,318841	0,153846	1,833333	0,416667		
10	29	19	137	0,121795	0,25641	0,344828	0,25641	0,655172	0,294118	0,148718	1,724138	0,42781		
10	29	18	138	0,115385	0,25641	0,357143	0,25641	0,642857	0,298507	0,14359	1,785714	0,429994		
10	29	17	139	0,108974	0,25641	0,37037	0,25641	0,62963	0,30303	0,138462	1,851852	0,46377		
10	29	16	140	0,102564	0,25641	0,384615	0,25641	0,615385	0,307692	0,133333	1,923077	0,466167		
10	29	15	141	0,096154	0,25641	0,4	0,25641	0,6	0,3125	0,128205	2	0,47		
9	30	15	141	0,096154	0,230769	375	0,230769	625	0,285714	0,123077	1875	0,47775		
9	30	14	142	0,089744	0,230769	0,391304	0,230769	0,608696	0,290323	0,117949	1,956522	0,478571		
9	30	13	143	0,083333	0,230769	0,409091	0,230769	0,590909	0,295082	0,112821	2,045455	0,480178		
9	30	12	144	0,076923	0,230769	0,428571	0,230769	0,571429	0,3	0,107692	2,142857	0,49		
9	30	11	145	0,070513	0,230769	0,45	0,230769	0,55	0,305085	0,102564	2,25	0,515163		
9	30	10	146	0,064103	0,230769	0,473684	0,230769	0,526316	0,310345	0,097436	2,368421	0,518492		
9	30	9	147	0,057692	0,230769	0,5	0,230769	0,5	0,315789	0,092308	2,5	0,547143		
8	31	9	147	0,057692	0,205128	0,470588	0,205128	0,529412	0,285714	0,087179	2,352941	548		
8	31	8	148	0,051282	0,205128	0,5	0,205128	0,5	0,290909	0,082051	2,5	0,553333		
8	31	7	149	0,044872	0,205128	0,533333	0,205128	0,466667	0,296296	0,076923	2,666667	0,58		
8	31	6	150	0,038462	0,205128	0,571429	0,205128	0,428571	0,301887	0,071795	2,857143	0,588302		
7	32	6	150	0,038462	0,179487	0,538462	0,179487	0,461538	0,269231	0,066667	2,692308	0,634881		
7	32	5	151	0,032051	0,179487	0,583333	0,179487	0,416667	0,27451	0,061538	2,916667	0,64		
6	33	5	151	0,032051	0,153846	0,545455	0,153846	0,454545	0,24	0,05641	2,727273	0,640563		
5	34	5	151	0,032051	0,128205	0,5	0,128205	0,5	0,204082	0,051282	2,5	0,666063		
4	35	5	151	0,032051	0,102564	0,444444	0,102564	0,555556	0,166667	0,046154	2,222222	0,677754		
3	36	5	151	0,032051	0,076923	375	0,076923	625	0,12766	0,041026	1875	0,69		
2	37	5	151	0,032051	0,051282	0,285714	0,051282	0,714286	0,086957	0,035897	1,428571	0,72		
2	37	4	152	0,025641	0,051282	0,333333	0,051282	0,666667	0,088889	0,030769	1,666667	0,729826		
1	38	4	152	0,025641	0,025641	0,2	0,025641	0,8	0,045455	0,025641	1	0,742294		
1	38	3	153	0,019231	0,025641	0,25	0,025641	0,75	0,046512	0,020513	?	0,77		
1	38	2	154	0,012821	0,025641	0,333333	0,025641	0,666667	0,047619	0,015385	?	0,78		
0	39	2	154	0,012821	0	0	0	1	0	0,010256	?	0,8		
0	39	1	155	0,00641	0	0	0	1	0	0,005128	?	0,943333		
0	39	0	156	0	0	0	0	0	0	0	?	0,943343		
39	0	156	0	1	1	0,2	1	0,8	0,333333	1	1	0		
36	3	112	44	0,717949	0,923077	0,243243	0,923077	0,756757	0,385027	0,758974	1,216216	0,000625		
36	3	111	45	0,711538	0,923077	0,244898	0,923077	0,755102	0,387097	0,753846	1,22449	2		
36	3	110	46	0,705128	0,923077	0,246575	0,923077	0,753425	0,389189	0,748718	1,232877	0,0025		
36	3	108	48	0,692308	0,923077	0,25	0,923077	0,75	0,393443	0,738462	1,25	0,0025		
36	3	107	49	0,685897	0,923077	0,251748	0,923077	0,748252	0,395604	0,733333	1,258741	5		
36	3	106	50	0,679487	0,923077	0,253521	0,923077	0,746479	0,39779	0,728205	1,267606	0,006667		
35	4	106	50	0,679487	0,897436	0,248227	0,897436	0,751773	0,388889	0,723077	1,241135	0,00869		
35	4	105	51	0,673077	0,897436	0,25	0,897436	0,75	0,391061	0,717949	1,25	0,01		
34	5	102	54	0,653846	0,871795	0,25	0,871795	0,75	0,388571	0,697436	1,25	0,0125		
34	5	101	55	0,647436	0,871795	0,251852	0,871795	0,748148	0,390805	0,692308	1,259259	0,017917		
34	5	100	56	0,641026	0,871795	0,253731	0,871795	0,746269	0,393064	0,687179	1,268657	0,02		
34	5	98	58	0,628205	0,871795	0,257576	0,871795	0,742424	0,397661	0,676923	1,287879	0,028894		
34	5	97	59	0,621795	0,871795	0,259542	0,871795	0,740458	0,4	0,671795	1,29771	0,029667		
34	5	96	60	0,615385	0,871795	0,261538	0,871795	0,738462	0,402367	0,666667	1,307692	0,03		
34	5	94	62	0,602564	0,871795	0,265625	0,871795	0,734375	0,407186	0,65641	1,328125	33		
34	5	93	63	0,596154	0,871795	0,267717	0,871795	0,732283	0,409639	0,651282	1,338583	0,0375		
34	5	92	64	0,589744	0,871795	0,269841	0,871795	0,730159	0,412121	0,646154	1,349206	0,03997		
34	5	91	65	0,583333	0,871795	272	0,871795	728	0,414634	0,641026	1,36	0,04		
33	6	89	67	0,570513	0,846154	0,270492	0,846154	0,729508	0,409938	0,625641	1,352459	0,04		
33	6	88	68	0,564103	0,846154	0,272727	0,846154	0,727273	0,4125	0,620513	1,363636	46		
33	6	87	69	0,557692	0,846154	275	0,846154	725	0,415094	0,615385	1375	0,05		
32	7	86	70	0,551282	0,820513	0,271186	0,820513	0,728814	0,407643	0,605128	1,355932	0,05		
32	7	85	71	0,544872	0,820513	0,273504	0,820513	0,726496	0,410256	0,6	1,367521	55		
32	7	84	72	0,538462	0,820513	0,275862	0,820513	0,724138	0,412903	0,594872	1,37931	0,055429		
32	7	83	73	0,532051	0,820513	0,278261	0,820513	0,721739	0,415584	0,589744	1,391304	0,06		
32	7	82	74	0,525641	0,820513	0,280702	0,820513	0,719298	0,418301	0,584615	1,403509	78		
32	7	81	75	0,519231	0,820513	0,283186	0,820513	0,716814	0,421053	0,579487	1,415929	0,08		
32	7	80	76	0,512821	0,820513	0,285714	0,820513	0,714286	0,423841	0,574359	1,428571	0,081762		
31	8	80	76	0,512821	0,794872	0,279279	0,794872	0,720721	0,413333	0,569231	1,396396	0,086333		
31	8	79	77	0,50641	0,794872	0,281818	0,794872	0,718182	0,416107	0,564103	1,409091	87		
31	8	78	78	0,5	0,794872	0,284404	0,794872	0,715596	0,418919	0,558974	1,422018	0,087452		
31	8	77	79	0,49359	0,794872	0,287037	0,794872	0,712963	0,421769	0,553846	1,435185	0,089667		
30	9	77	79	0,49359	0,769231	0,280374	0,769231	0,719626	0,410959	0,548718	1,401869	0,09		
29	10	77	79	0,49359	0,74359	0,273585	0,74359	0,726415	0,4	0,54359	1,367925	0,12		
28	11	76	80	0,487179	0,717949	0,269231	0,717949	0,730769	0,391608	0,533333	1,346154	0,120921		
28	11	75	81	0,480769	0,717949	0,271845	0,717949	0,728155	0,394366	0,528205	1,359223	0,1275		
28	11	74	82	0,474359	0,717949	0,27451	0,717949	0,72549	0,397163	0,523077	1,372549	0,137512		
27	12	74	82	0,474359	0,692308	0,267327	0,692308	0,732673	0,385714	0,517949	1,336634	0,13943		
27	12	73	83	0,467949	0,692308	0,27	0,692308	0,73	0,388489	0,512821	1,35	0,146069		
27	12	72	84	0,461538	0,692308	0,272727	0,692308	0,727273	0,391304	0,507692	1,363636	0,15		
26	13	70	86	0,448718	0,666667	0,270833	0,666667	0,729167	0,385185	0,492308	1,354167	0,150049		
26	13	68	88	0,435897	0,666667	0,276596	0,666667	0,723404	0,390977	0,482051	1,382979	0,1567		
26	13	67	89	0,429487	0,666667	0,27957	0,666667	0,72043	0,393939	0,476923	1,397849	0,16		
26	13	64	92	0,410256	0,666667	0,288889	0,666667	0,711111	0,403101	0,461538	1,444444	166		
26	13	63	93	0,403846	0,666667	0,292135	0,666667	0,707865	0,40625	0,45641	1,460674	0,1675		
26	13	62	94	0,397436	0,666667	0,295455	0,666667	0,704545	0,409449	0,451282	1,477273	0,172857		
26	13	61	95	0,391026	0,666667	0,298851	0,666667	0,701149	0,412698	0,446154	1,494253	0,1785		
26	13	60	96	0,384615	0,666667	0,302326	0,666667	0,697674	416	0,441026	1,511628	0,179797		
26	13	59	97	0,378205	0,666667	0,305882	0,666667	0,694118	0,419355	0,435897	1,529412	0,18		
26	13	58	98	0,371795	0,666667	0,309524	0,666667	0,690476	0,422764	0,430769	1,547619	0,19		
26	13	57	99	0,365385	0,666667	0,313253	0,666667	0,686747	0,42623	0,425641	1,566265	0,198177		
26	13	56	100	0,358974	0,666667	0,317073	0,666667	0,682927	0,429752	0,420513	1,585366	0,2		
26	13	54	102	0,346154	0,666667	325	0,666667	675	0,436975	0,410256	1625	0,203125		
25	14	54	102	0,346154	0,641026	0,316456	0,641026	0,683544	0,423729	0,405128	1,582278	0,204611		
25	14	53	103	0,339744	0,641026	0,320513	0,641026	0,679487	0,42735	0,4	1,602564	0,209489		
25	14	52	104	0,333333	0,641026	0,324675	0,641026	0,675325	0,431034	0,394872	1,623377	0,21		
24	15	50	106	0,320513	0,615385	0,324324	0,615385	0,675676	0,424779	0,379487	1,621622	0,217502		
24	15	49	107	0,314103	0,615385	0,328767	0,615385	0,671233	0,428571	0,374359	1,643836	0,220921		
24	15	48	108	0,307692	0,615385	0,333333	0,615385	0,666667	0,432432	0,369231	1,666667	0,221509		
24	15	47	109	0,301282	0,615385	0,338028	0,615385	0,661972	0,436364	0,364103	1,690141	0,222223		
24	15	46	110	0,294872	0,615385	0,342857	0,615385	0,657143	0,440367	0,358974	1,714286	0,224716		
24	15	45	111	0,288462	0,615385	0,347826	0,615385	0,652174	0,444444	0,353846	1,73913	0,227369		
24	15	44	112	0,282051	0,615385	0,352941	0,615385	0,647059	0,448598	0,348718	1,764706	0,231869		
24	15	43	113	0,275641	0,615385	0,358209	0,615385	0,641791	0,45283	0,34359	1,791045	0,243096		
24	15	42	114	0,269231	0,615385	0,363636	0,615385	0,636364	0,457143	0,338462	1,818182	0,247706		
24	15	41	115	0,262821	0,615385	0,369231	0,615385	0,630769	0,461538	0,333333	1,846154	0,256667		
23	16	41	115	0,262821	0,589744	0,359375	0,589744	0,640625	0,446602	0,328205	1,796875	0,259437		
23	16	40	116	0,25641	0,589744	0,365079	0,589744	0,634921	0,45098	0,323077	1,825397	0,261809		
23	16	39	117	0,25	0,589744	0,370968	0,589744	0,629032	0,455446	0,317949	1,854839	0,27		
23	16	38	118	0,24359	0,589744	0,377049	0,589744	0,622951	0,46	0,312821	1,885246	0,276864		
22	17	38	118	0,24359	0,564103	0,366667	0,564103	0,633333	0,444444	0,307692	1,833333	0,279702		
22	17	37	119	0,237179	0,564103	0,372881	0,564103	0,627119	0,44898	0,302564	1,864407	0,3015		
21	18	37	119	0,237179	0,538462	0,362069	0,538462	0,637931	0,43299	0,297436	1,810345	0,31		
21	18	36	120	0,230769	0,538462	0,368421	0,538462	0,631579	0,4375	0,292308	1,842105	0,31019		
21	18	35	121	0,224359	0,538462	375	0,538462	625	0,442105	0,287179	1875	0,311286		
21	18	34	122	0,217949	0,538462	0,381818	0,538462	0,618182	0,446809	0,282051	1,909091	0,313667		
20	19	34	122	0,217949	0,512821	0,37037	0,512821	0,62963	0,430108	0,276923	1,851852	0,316143		
19	20	34	122	0,217949	0,487179	0,358491	0,487179	0,641509	0,413043	0,271795	1,792453	0,316832		
19	20	33	123	0,211538	0,487179	0,365385	0,487179	0,634615	0,417582	0,266667	1,826923	0,319929		
18	21	33	123	0,211538	0,461538	0,352941	0,461538	0,647059	0,4	0,261538	1,764706	0,32		
18	21	32	124	0,205128	0,461538	0,36	0,461538	0,64	0,404494	0,25641	1,8	0,322246		
18	21	31	125	0,198718	0,461538	0,367347	0,461538	0,632653	0,409091	0,251282	1,836735	0,324352		
18	21	30	126	0,192308	0,461538	375	0,461538	625	0,413793	0,246154	1875	0,335992		
18	21	29	127	0,185897	0,461538	0,382979	0,461538	0,617021	0,418605	0,241026	1,914894	0,35		
18	21	28	128	0,179487	0,461538	0,391304	0,461538	0,608696	0,423529	0,235897	1,956522	355		
18	21	27	129	0,173077	0,461538	0,4	0,461538	0,6	0,428571	0,230769	2	0,37		
17	22	26	130	0,166667	0,435897	0,395349	0,435897	0,604651	0,414634	0,220513	1,976744	0,38		
16	23	24	132	0,153846	0,410256	0,4	0,410256	0,6	0,405063	0,205128	2	0,383333		
16	23	23	133	0,147436	0,410256	0,410256	0,410256	0,589744	0,410256	0,2	2,051282	0,389712		
16	23	22	134	0,141026	0,410256	0,421053	0,410256	0,578947	0,415584	0,194872	2,105263	0,4		
16	23	21	135	0,134615	0,410256	0,432432	0,410256	0,567568	0,421053	0,189744	2,162162	0,400651		
16	23	20	136	0,128205	0,410256	0,444444	0,410256	0,555556	0,426667	0,184615	2,222222	422		
16	23	19	137	0,121795	0,410256	0,457143	0,410256	0,542857	0,432432	0,179487	2,285714	0,43125		
16	23	18	138	0,115385	0,410256	0,470588	0,410256	0,529412	0,438356	0,174359	2,352941	0,45		
16	23	17	139	0,108974	0,410256	0,484848	0,410256	0,515152	0,444444	0,169231	2,424242	0,48		
15	24	17	139	0,108974	0,384615	0,46875	0,384615	0,53125	0,422535	0,164103	2,34375	0,49		
14	25	17	139	0,108974	0,358974	0,451613	0,358974	0,548387	0,4	0,158974	2,258065	0,495667		
14	25	16	140	0,102564	0,358974	0,466667	0,358974	0,533333	0,405797	0,153846	2,333333	0,499167		
14	25	15	141	0,096154	0,358974	0,482759	0,358974	0,517241	0,411765	0,148718	2,413793	0,5		
13	26	15	141	0,096154	0,333333	0,464286	0,333333	0,535714	0,38806	0,14359	2,321429	0,51		
13	26	14	142	0,089744	0,333333	0,481481	0,333333	0,518519	0,393939	0,138462	2,407407	0,518333		
13	26	13	143	0,083333	0,333333	0,5	0,333333	0,5	0,4	0,133333	2,5	0,518833		
12	27	13	143	0,083333	0,307692	0,48	0,307692	0,52	375	0,128205	2,4	521		
12	27	12	144	0,076923	0,307692	0,5	0,307692	0,5	0,380952	0,123077	2,5	0,531504		
12	27	11	145	0,070513	0,307692	0,521739	0,307692	0,478261	0,387097	0,117949	2,608696	0,545833		
12	27	10	146	0,064103	0,307692	0,545455	0,307692	0,454545	0,393443	0,112821	2,727273	0,55		
11	28	10	146	0,064103	0,282051	0,52381	0,282051	0,47619	0,366667	0,107692	2,619048	0,609656		
11	28	9	147	0,057692	0,282051	0,55	0,282051	0,45	0,372881	0,102564	2,75	0,61		
11	28	8	148	0,051282	0,282051	0,578947	0,282051	0,421053	0,37931	0,097436	2,894737	0,63		
11	28	7	149	0,044872	0,282051	0,611111	0,282051	0,388889	0,385965	0,092308	3,055556	0,639643		
10	29	7	149	0,044872	0,25641	0,588235	0,25641	0,411765	0,357143	0,087179	2,941176	0,670667		
9	30	7	149	0,044872	0,230769	0,5625	0,230769	0,4375	0,327273	0,082051	2,8125	0,703077		
8	31	7	149	0,044872	0,205128	0,533333	0,205128	0,466667	0,296296	0,076923	2,666667	0,71		
7	32	6	150	0,038462	0,179487	0,538462	0,179487	0,461538	0,269231	0,066667	2,692308	0,712765		
6	33	6	150	0,038462	0,153846	0,5	0,153846	0,5	0,235294	0,061538	2,5	0,791083		
6	33	5	151	0,032051	0,153846	0,545455	0,153846	0,454545	0,24	0,05641	2,727273	0,8		
5	34	5	151	0,032051	0,128205	0,5	0,128205	0,5	0,204082	0,051282	2,5	0,800656		
5	34	4	152	0,025641	0,128205	0,555556	0,128205	0,444444	0,208333	0,046154	2,777778	0,85		
4	35	4	152	0,025641	0,102564	0,5	0,102564	0,5	0,170213	0,041026	2,5	0,86181		
3	36	4	152	0,025641	0,076923	0,428571	0,076923	0,571429	0,130435	0,035897	2,142857	0,873545		
2	37	4	152	0,025641	0,051282	0,333333	0,051282	0,666667	0,088889	0,030769	1,666667	0,896667		
2	37	3	153	0,019231	0,051282	0,4	0,051282	0,6	0,090909	0,025641	2	0,9075		
2	37	2	154	0,012821	0,051282	0,5	0,051282	0,5	0,093023	0,020513	?	908		
2	37	1	155	0,00641	0,051282	0,666667	0,051282	0,333333	0,095238	0,015385	?	0,91		
1	38	1	155	0,00641	0,025641	0,5	0,025641	0,5	0,04878	0,010256	?	917		
1	38	0	156	0	0,025641	1	0,025641	0	0,05	0,005128	?	0,92		
0	39	0	156	0	0	0	0	0	0	0	?	0,92001		
39	0	156	0	1	1	0,2	1	0,8	0,333333	1	1	0		
29	10	93	63	0,596154	0,74359	0,237705	0,74359	0,762295	0,360248	0,625641	1,188525	2		
29	10	92	64	0,589744	0,74359	0,239669	0,74359	0,760331	0,3625	0,620513	1,198347	0,002727		
28	11	92	64	0,589744	0,717949	0,233333	0,717949	0,766667	0,352201	0,615385	1,166667	5		
28	11	91	65	0,583333	0,717949	0,235294	0,717949	0,764706	0,35443	0,610256	1,176471	0,01		
27	12	87	69	0,557692	0,692308	0,236842	0,692308	0,763158	0,352941	0,584615	1,184211	0,011429		
27	12	86	70	0,551282	0,692308	0,238938	0,692308	0,761062	0,355263	0,579487	1,19469	0,016667		
27	12	85	71	0,544872	0,692308	0,241071	0,692308	0,758929	0,357616	0,574359	1,205357	0,02		
27	12	79	77	0,50641	0,692308	0,254717	0,692308	0,745283	0,372414	0,54359	1,273585	26		
27	12	78	78	0,5	0,692308	0,257143	0,692308	0,742857	375	0,538462	1,285714	0,026667		
27	12	77	79	0,49359	0,692308	0,259615	0,692308	0,740385	0,377622	0,533333	1,298077	0,03		
27	12	75	81	0,480769	0,692308	0,264706	0,692308	0,735294	0,382979	0,523077	1,323529	0,04		
26	13	75	81	0,480769	0,666667	0,257426	0,666667	0,742574	0,371429	0,517949	1,287129	0,04		
25	14	73	83	0,467949	0,641026	0,255102	0,641026	0,744898	0,364964	0,502564	1,27551	0,044722		
25	14	72	84	0,461538	0,641026	0,257732	0,641026	0,742268	0,367647	0,497436	1,28866	45		
25	14	71	85	0,455128	0,641026	0,260417	0,641026	0,739583	0,37037	0,492308	1,302083	0,05		
25	14	66	90	0,423077	0,641026	0,274725	0,641026	0,725275	0,384615	0,466667	1,373626	0,054167		
25	14	65	91	0,416667	0,641026	0,277778	0,641026	0,722222	0,387597	0,461538	1,388889	0,06		
24	15	63	93	0,403846	0,615385	0,275862	0,615385	0,724138	0,380952	0,446154	1,37931	0,078226		
23	16	63	93	0,403846	0,589744	0,267442	0,589744	0,732558	368	0,441026	1,337209	0,08		
23	16	62	94	0,397436	0,589744	0,270588	0,589744	0,729412	0,370968	0,435897	1,352941	0,09		
23	16	61	95	0,391026	0,589744	0,27381	0,589744	0,72619	0,373984	0,430769	1,369048	0,11		
23	16	60	96	0,384615	0,589744	0,277108	0,589744	0,722892	0,377049	0,425641	1,385542	0,12		
22	17	59	97	0,378205	0,564103	0,271605	0,564103	0,728395	0,366667	0,415385	1,358025	0,14		
22	17	58	98	0,371795	0,564103	275	0,564103	725	0,369748	0,410256	1375	0,142637		
22	17	57	99	0,365385	0,564103	0,278481	0,564103	0,721519	0,372881	0,405128	1,392405	0,16		
21	18	55	101	0,352564	0,538462	0,276316	0,538462	0,723684	0,365217	0,389744	1,381579	0,169482		
20	19	55	101	0,352564	0,512821	0,266667	0,512821	0,733333	0,350877	0,384615	1,333333	0,173937		
20	19	54	102	0,346154	0,512821	0,27027	0,512821	0,72973	0,353982	0,379487	1,351351	0,19		
20	19	53	103	0,339744	0,512821	0,273973	0,512821	0,726027	0,357143	0,374359	1,369863	0,19		
20	19	52	104	0,333333	0,512821	0,277778	0,512821	0,722222	0,36036	0,369231	1,388889	0,194873		
20	19	51	105	0,326923	0,512821	0,28169	0,512821	0,71831	0,363636	0,364103	1,408451	195		
20	19	50	106	0,320513	0,512821	0,285714	0,512821	0,714286	0,366972	0,358974	1,428571	0,21		
20	19	48	108	0,307692	0,512821	0,294118	0,512821	0,705882	0,373832	0,348718	1,470588	0,23		
19	20	48	108	0,307692	0,487179	0,283582	0,487179	0,716418	0,358491	0,34359	1,41791	0,24		
18	21	48	108	0,307692	0,461538	0,272727	0,461538	0,727273	0,342857	0,338462	1,363636	0,260006		
18	21	47	109	0,301282	0,461538	0,276923	0,461538	0,723077	0,346154	0,333333	1,384615	0,27		
18	21	46	110	0,294872	0,461538	0,28125	0,461538	0,71875	0,349515	0,328205	1,40625	0,272869		
18	21	45	111	0,288462	0,461538	0,285714	0,461538	0,714286	0,352941	0,323077	1,428571	0,29		
18	21	44	112	0,282051	0,461538	0,290323	0,461538	0,709677	0,356436	0,317949	1,451613	0,300437		
18	21	43	113	0,275641	0,461538	0,295082	0,461538	0,704918	0,36	0,312821	1,47541	0,31		
18	21	41	115	0,262821	0,461538	0,305085	0,461538	0,694915	0,367347	0,302564	1,525424	0,340057		
18	21	40	116	0,25641	0,461538	0,310345	0,461538	0,689655	0,371134	0,297436	1,551724	0,349333		
18	21	39	117	0,25	0,461538	0,315789	0,461538	0,684211	375	0,292308	1,578947	0,36		
18	21	38	118	0,24359	0,461538	0,321429	0,461538	0,678571	0,378947	0,287179	1,607143	0,3625		
18	21	37	119	0,237179	0,461538	0,327273	0,461538	0,672727	0,382979	0,282051	1,636364	0,363202		
17	22	37	119	0,237179	0,435897	0,314815	0,435897	0,685185	0,365591	0,276923	1,574074	0,38		
17	22	36	120	0,230769	0,435897	0,320755	0,435897	0,679245	0,369565	0,271795	1,603774	0,4		
17	22	35	121	0,224359	0,435897	0,326923	0,435897	0,673077	0,373626	0,266667	1,634615	0,401098		
16	23	35	121	0,224359	0,410256	0,313725	0,410256	0,686275	0,355556	0,261538	1,568627	0,42		
16	23	34	122	0,217949	0,410256	0,32	0,410256	0,68	0,359551	0,25641	1,6	0,421083		
16	23	33	123	0,211538	0,410256	0,326531	0,410256	0,673469	0,363636	0,251282	1,632653	0,436619		
16	23	32	124	0,205128	0,410256	0,333333	0,410256	0,666667	0,367816	0,246154	1,666667	0,44		
16	23	31	125	0,198718	0,410256	0,340426	0,410256	0,659574	0,372093	0,241026	1,702128	0,447058		
15	24	31	125	0,198718	0,384615	0,326087	0,384615	0,673913	0,352941	0,235897	1,630435	0,449902		
14	25	31	125	0,198718	0,358974	0,311111	0,358974	0,688889	0,333333	0,230769	1,555556	0,47		
14	25	30	126	0,192308	0,358974	0,318182	0,358974	0,681818	0,337349	0,225641	1,590909	0,483083		
14	25	29	127	0,185897	0,358974	0,325581	0,358974	0,674419	0,341463	0,220513	1,627907	0,49		
13	26	29	127	0,185897	0,333333	0,309524	0,333333	0,690476	0,320988	0,215385	1,547619	0,522081		
13	26	28	128	0,179487	0,333333	0,317073	0,333333	0,682927	325	0,210256	1,585366	0,53028		
12	27	28	128	0,179487	0,307692	0,3	0,307692	0,7	0,303797	0,205128	1,5	0,531624		
12	27	27	129	0,173077	0,307692	0,307692	0,307692	0,692308	0,307692	0,2	1,538462	0,541228		
12	27	26	130	0,166667	0,307692	0,315789	0,307692	0,684211	0,311688	0,194872	1,578947	0,541398		
12	27	25	131	0,160256	0,307692	0,324324	0,307692	0,675676	0,315789	0,189744	1,621622	0,55		
12	27	24	132	0,153846	0,307692	0,333333	0,307692	0,666667	0,32	0,184615	1,666667	0,586286		
11	28	24	132	0,153846	0,282051	0,314286	0,282051	0,685714	0,297297	0,179487	1,571429	0,59		
11	28	23	133	0,147436	0,282051	0,323529	0,282051	0,676471	0,30137	0,174359	1,617647	0,607425		
11	28	22	134	0,141026	0,282051	0,333333	0,282051	0,666667	0,305556	0,169231	1,666667	0,61		
10	29	22	134	0,141026	0,25641	0,3125	0,25641	0,6875	0,28169	0,164103	1,5625	0,63		
10	29	21	135	0,134615	0,25641	0,322581	0,25641	0,677419	0,285714	0,158974	1,612903	0,632913		
10	29	20	136	0,128205	0,25641	0,333333	0,25641	0,666667	0,289855	0,153846	1,666667	0,64		
10	29	19	137	0,121795	0,25641	0,344828	0,25641	0,655172	0,294118	0,148718	1,724138	0,6625		
10	29	18	138	0,115385	0,25641	0,357143	0,25641	0,642857	0,298507	0,14359	1,785714	0,6725		
10	29	17	139	0,108974	0,25641	0,37037	0,25641	0,62963	0,30303	0,138462	1,851852	673		
10	29	16	140	0,102564	0,25641	0,384615	0,25641	0,615385	0,307692	0,133333	1,923077	0,673679		
10	29	15	141	0,096154	0,25641	0,4	0,25641	0,6	0,3125	0,128205	2	0,68		
10	29	14	142	0,089744	0,25641	0,416667	0,25641	0,583333	0,31746	0,123077	2,083333	0,681667		
9	30	14	142	0,089744	0,230769	0,391304	0,230769	0,608696	0,290323	0,117949	1,956522	0,684786		
9	30	13	143	0,083333	0,230769	0,409091	0,230769	0,590909	0,295082	0,112821	2,045455	0,685921		
9	30	12	144	0,076923	0,230769	0,428571	0,230769	0,571429	0,3	0,107692	2,142857	0,69		
8	31	12	144	0,076923	0,205128	0,4	0,205128	0,6	0,271186	0,102564	2	0,73375		
7	32	12	144	0,076923	0,179487	0,368421	0,179487	0,631579	0,241379	0,097436	1,842105	0,74		
7	32	11	145	0,070513	0,179487	0,388889	0,179487	0,611111	0,245614	0,092308	1,944444	0,75		
6	33	11	145	0,070513	0,153846	0,352941	0,153846	0,647059	0,214286	0,087179	1,764706	0,761595		
5	34	11	145	0,070513	0,128205	0,3125	0,128205	0,6875	0,181818	0,082051	1,5625	0,763333		
5	34	10	146	0,064103	0,128205	0,333333	0,128205	0,666667	0,185185	0,076923	1,666667	0,782615		
5	34	9	147	0,057692	0,128205	0,357143	0,128205	0,642857	0,188679	0,071795	1,785714	0,789167		
5	34	8	148	0,051282	0,128205	0,384615	0,128205	0,615385	0,192308	0,066667	1,923077	0,8		
4	35	7	149	0,044872	0,102564	0,363636	0,102564	0,636364	0,16	0,05641	1,818182	0,804135		
4	35	6	150	0,038462	0,102564	0,4	0,102564	0,6	0,163265	0,051282	2	0,81381		
3	36	6	150	0,038462	0,076923	0,333333	0,076923	0,666667	125	0,046154	1,666667	0,83		
3	36	5	151	0,032051	0,076923	375	0,076923	625	0,12766	0,041026	1875	0,842833		
3	36	4	152	0,025641	0,076923	0,428571	0,076923	0,571429	0,130435	0,035897	2,142857	0,8525		
2	37	4	152	0,025641	0,051282	0,333333	0,051282	0,666667	0,088889	0,030769	1,666667	0,9		
2	37	3	153	0,019231	0,051282	0,4	0,051282	0,6	0,090909	0,025641	2	0,909345		
2	37	2	154	0,012821	0,051282	0,5	0,051282	0,5	0,093023	0,020513	?	0,93		
1	38	2	154	0,012821	0,025641	0,333333	0,025641	0,666667	0,047619	0,015385	?	932		
0	39	2	154	0,012821	0	0	0	1	0	0,010256	?	0,973333		
0	39	1	155	0,00641	0	0	0	1	0	0,005128	?	0,9875		
0	39	0	156	0	0	0	0	0	0	0	?	0,98751		
39	0	156	0	1	1	0,2	1	0,8	0,333333	1	1	0		
34	5	88	68	0,564103	0,871795	0,278689	0,871795	0,721311	0,42236	0,625641	1,393443	0,003333		
34	5	87	69	0,557692	0,871795	0,280992	0,871795	0,719008	425	0,620513	1,404959	0,006667		
34	5	86	70	0,551282	0,871795	0,283333	0,871795	0,716667	0,427673	0,615385	1,416667	0,01		
33	6	86	70	0,551282	0,846154	0,277311	0,846154	0,722689	0,417722	0,610256	1,386555	0,01		
32	7	83	73	0,532051	0,820513	0,278261	0,820513	0,721739	0,415584	0,589744	1,391304	0,013056		
31	8	83	73	0,532051	0,794872	0,27193	0,794872	0,72807	0,405229	0,584615	1,359649	0,015417		
31	8	82	74	0,525641	0,794872	0,274336	0,794872	0,725664	0,407895	0,579487	1,371681	0,02		
31	8	81	75	0,519231	0,794872	0,276786	0,794872	0,723214	0,410596	0,574359	1,383929	0,02		
31	8	79	77	0,50641	0,794872	0,281818	0,794872	0,718182	0,416107	0,564103	1,409091	0,021118		
30	9	79	77	0,50641	0,769231	0,275229	0,769231	0,724771	0,405405	0,558974	1,376147	0,03		
30	9	78	78	0,5	0,769231	0,277778	0,769231	0,722222	0,408163	0,553846	1,388889	0,031714		
30	9	77	79	0,49359	0,769231	0,280374	0,769231	0,719626	0,410959	0,548718	1,401869	0,036667		
30	9	76	80	0,487179	0,769231	0,283019	0,769231	0,716981	0,413793	0,54359	1,415094	0,04		
30	9	75	81	0,480769	0,769231	0,285714	0,769231	0,714286	0,416667	0,538462	1,428571	0,041382		
30	9	74	82	0,474359	0,769231	0,288462	0,769231	0,711538	0,41958	0,533333	1,442308	0,041923		
30	9	73	83	0,467949	0,769231	0,291262	0,769231	0,708738	0,422535	0,528205	1,456311	0,05		
30	9	72	84	0,461538	0,769231	0,294118	0,769231	0,705882	0,425532	0,523077	1,470588	0,056074		
30	9	71	85	0,455128	0,769231	0,29703	0,769231	0,70297	0,428571	0,517949	1,485149	0,057333		
30	9	70	86	0,448718	0,769231	0,3	0,769231	0,7	0,431655	0,512821	1,5	58		
30	9	69	87	0,442308	0,769231	0,30303	0,769231	0,69697	0,434783	0,507692	1,515152	0,06		
30	9	68	88	0,435897	0,769231	0,306122	0,769231	0,693878	0,437956	0,502564	1,530612	0,06		
30	9	65	91	0,416667	0,769231	0,315789	0,769231	0,684211	0,447761	0,487179	1,578947	0,066667		
30	9	64	92	0,410256	0,769231	0,319149	0,769231	0,680851	0,451128	0,482051	1,595745	0,07		
29	10	62	94	0,397436	0,74359	0,318681	0,74359	0,681319	0,446154	0,466667	1,593407	0,073833		
29	10	61	95	0,391026	0,74359	0,322222	0,74359	0,677778	0,449612	0,461538	1,611111	0,08		
29	10	59	97	0,378205	0,74359	0,329545	0,74359	0,670455	0,456693	0,451282	1,647727	0,081333		
29	10	58	98	0,371795	0,74359	0,333333	0,74359	0,666667	0,460317	0,446154	1,666667	0,081361		
29	10	57	99	0,365385	0,74359	0,337209	0,74359	0,662791	464	0,441026	1,686047	0,0825		
29	10	56	100	0,358974	0,74359	0,341176	0,74359	0,658824	0,467742	0,435897	1,705882	0,088333		
29	10	55	101	0,352564	0,74359	0,345238	0,74359	0,654762	0,471545	0,430769	1,72619	0,09		
29	10	52	104	0,333333	0,74359	0,358025	0,74359	0,641975	0,483333	0,415385	1,790123	0,09119		
28	11	52	104	0,333333	0,717949	0,35	0,717949	0,65	0,470588	0,410256	1,75	0,1		
27	12	51	105	0,326923	0,692308	0,346154	0,692308	0,653846	0,461538	0,4	1,730769	0,12		
27	12	49	107	0,314103	0,692308	0,355263	0,692308	0,644737	0,469565	0,389744	1,776316	0,13		
26	13	49	107	0,314103	0,666667	0,346667	0,666667	0,653333	0,45614	0,384615	1,733333	0,136667		
26	13	48	108	0,307692	0,666667	0,351351	0,666667	0,648649	0,460177	0,379487	1,756757	139		
26	13	47	109	0,301282	0,666667	0,356164	0,666667	0,643836	0,464286	0,374359	1,780822	0,14		
26	13	45	111	0,288462	0,666667	0,366197	0,666667	0,633803	0,472727	0,364103	1,830986	0,15		
26	13	44	112	0,282051	0,666667	0,371429	0,666667	0,628571	0,477064	0,358974	1,857143	0,17		
26	13	43	113	0,275641	0,666667	0,376812	0,666667	0,623188	0,481481	0,353846	1,884058	0,171021		
25	14	43	113	0,275641	0,641026	0,367647	0,641026	0,632353	0,46729	0,348718	1,838235	0,175087		
25	14	42	114	0,269231	0,641026	0,373134	0,641026	0,626866	0,471698	0,34359	1,865672	184		
25	14	41	115	0,262821	0,641026	0,378788	0,641026	0,621212	0,47619	0,338462	1,893939	0,19		
24	15	40	116	0,25641	0,615385	375	0,615385	625	0,466019	0,328205	1875	0,21		
24	15	39	117	0,25	0,615385	0,380952	0,615385	0,619048	0,470588	0,323077	1,904762	222		
24	15	38	118	0,24359	0,615385	0,387097	0,615385	0,612903	0,475248	0,317949	1,935484	235		
23	16	38	118	0,24359	0,589744	0,377049	0,589744	0,622951	0,46	0,312821	1,885246	0,24		
23	16	37	119	0,237179	0,589744	0,383333	0,589744	0,616667	0,464646	0,307692	1,916667	0,242548		
22	17	37	119	0,237179	0,564103	0,372881	0,564103	0,627119	0,44898	0,302564	1,864407	0,25		
22	17	36	120	0,230769	0,564103	0,37931	0,564103	0,62069	0,453608	0,297436	1,896552	0,27956		
21	18	36	120	0,230769	0,538462	0,368421	0,538462	0,631579	0,4375	0,292308	1,842105	0,28		
21	18	35	121	0,224359	0,538462	375	0,538462	625	0,442105	0,287179	1875	0,281857		
21	18	34	122	0,217949	0,538462	0,381818	0,538462	0,618182	0,446809	0,282051	1,909091	0,29		
21	18	33	123	0,211538	0,538462	0,388889	0,538462	0,611111	0,451613	0,276923	1,944444	0,3		
21	18	32	124	0,205128	0,538462	0,396226	0,538462	0,603774	0,456522	0,271795	1,981132	0,34		
21	18	31	125	0,198718	0,538462	0,403846	0,538462	0,596154	0,461538	0,266667	2,019231	0,36		
21	18	30	126	0,192308	0,538462	0,411765	0,538462	0,588235	0,466667	0,261538	2,058824	0,36363		
21	18	29	127	0,185897	0,538462	0,42	0,538462	0,58	0,47191	0,25641	2,1	0,378333		
21	18	28	128	0,179487	0,538462	0,428571	0,538462	0,571429	0,477273	0,251282	2,142857	0,393652		
20	19	28	128	0,179487	0,512821	0,416667	0,512821	0,583333	0,45977	0,246154	2,083333	0,3975		
20	19	27	129	0,173077	0,512821	0,425532	0,512821	0,574468	0,465116	0,241026	2,12766	0,397778		
19	20	27	129	0,173077	0,487179	0,413043	0,487179	0,586957	0,447059	0,235897	2,065217	0,4		
18	21	27	129	0,173077	0,461538	0,4	0,461538	0,6	0,428571	0,230769	2	0,41		
18	21	26	130	0,166667	0,461538	0,409091	0,461538	0,590909	0,433735	0,225641	2,045455	0,42		
18	21	24	132	0,153846	0,461538	0,428571	0,461538	0,571429	0,444444	0,215385	2,142857	0,437793		
18	21	23	133	0,147436	0,461538	0,439024	0,461538	0,560976	0,45	0,210256	2,195122	0,44		
16	23	23	133	0,147436	0,410256	0,410256	0,410256	0,589744	0,410256	0,2	2,051282	0,45		
15	24	23	133	0,147436	0,384615	0,394737	0,384615	0,605263	0,38961	0,194872	1,973684	0,46		
15	24	22	134	0,141026	0,384615	0,405405	0,384615	0,594595	0,394737	0,189744	2,027027	0,460184		
15	24	21	135	0,134615	0,384615	0,416667	0,384615	0,583333	0,4	0,184615	2,083333	0,49		
15	24	20	136	0,128205	0,384615	0,428571	0,384615	0,571429	0,405405	0,179487	2,142857	0,491365		
14	25	20	136	0,128205	0,358974	0,411765	0,358974	0,588235	0,383562	0,174359	2,058824	0,493024		
14	25	19	137	0,121795	0,358974	0,424242	0,358974	0,575758	0,388889	0,169231	2,121212	0,5		
14	25	18	138	0,115385	0,358974	0,4375	0,358974	0,5625	0,394366	0,164103	2,1875	0,537952		
13	26	17	139	0,108974	0,333333	0,433333	0,333333	0,566667	0,376812	0,153846	2,166667	0,539264		
13	26	16	140	0,102564	0,333333	0,448276	0,333333	0,551724	0,382353	0,148718	2,241379	0,553647		
13	26	15	141	0,096154	0,333333	0,464286	0,333333	0,535714	0,38806	0,14359	2,321429	0,555212		
13	26	14	142	0,089744	0,333333	0,481481	0,333333	0,518519	0,393939	0,138462	2,407407	0,56		
11	28	14	142	0,089744	0,282051	0,44	0,282051	0,56	0,34375	0,128205	2,2	0,56168		
10	29	14	142	0,089744	0,25641	0,416667	0,25641	0,583333	0,31746	0,123077	2,083333	0,567506		
10	29	13	143	0,083333	0,25641	0,434783	0,25641	0,565217	0,322581	0,117949	2,173913	0,58		
10	29	12	144	0,076923	0,25641	0,454545	0,25641	0,545455	0,327869	0,112821	2,272727	584		
10	29	11	145	0,070513	0,25641	0,47619	0,25641	0,52381	0,333333	0,107692	2,380952	0,593316		
9	30	11	145	0,070513	0,230769	0,45	0,230769	0,55	0,305085	0,102564	2,25	0,61		
9	30	10	146	0,064103	0,230769	0,473684	0,230769	0,526316	0,310345	0,097436	2,368421	0,633053		
9	30	9	147	0,057692	0,230769	0,5	0,230769	0,5	0,315789	0,092308	2,5	0,649528		
9	30	8	148	0,051282	0,230769	0,529412	0,230769	0,470588	0,321429	0,087179	2,647059	0,678952		
9	30	7	149	0,044872	0,230769	0,5625	0,230769	0,4375	0,327273	0,082051	2,8125	0,692433		
8	31	7	149	0,044872	0,205128	0,533333	0,205128	0,466667	0,296296	0,076923	2,666667	695		
8	31	6	150	0,038462	0,205128	0,571429	0,205128	0,428571	0,301887	0,071795	2,857143	0,698702		
7	32	6	150	0,038462	0,179487	0,538462	0,179487	0,461538	0,269231	0,066667	2,692308	0,771566		
7	32	5	151	0,032051	0,179487	0,583333	0,179487	0,416667	0,27451	0,061538	2,916667	775		
7	32	4	152	0,025641	0,179487	0,636364	0,179487	0,363636	0,28	0,05641	3,181818	0,77625		
7	32	3	153	0,019231	0,179487	0,7	0,179487	0,3	0,285714	0,051282	3,5	0,900333		
7	32	2	154	0,012821	0,179487	0,777778	0,179487	0,222222	0,291667	0,046154	3,888889	0,963529		
6	33	2	154	0,012821	0,153846	0,75	0,153846	0,25	0,255319	0,041026	3,75	0,964333		
5	34	2	154	0,012821	0,128205	0,714286	0,128205	0,285714	0,217391	0,035897	3,571429	0,98		
4	35	2	154	0,012821	0,102564	0,666667	0,102564	0,333333	0,177778	0,030769	3,333333	0,981621		
4	35	1	155	0,00641	0,102564	0,8	0,102564	0,2	0,181818	0,025641	4	1		
0	39	0	156	0	0	0	0	0	0	0	?	1,00001		
39	0	156	0	1	1	0,2	1	0,8	0,333333	1	1	0		
37	2	114	42	0,730769	0,948718	0,245033	0,948718	0,754967	0,389474	0,774359	1,225166	0,001065		
37	2	113	43	0,724359	0,948718	0,246667	0,948718	0,753333	0,391534	0,769231	1,233333	6		
37	2	112	44	0,717949	0,948718	0,248322	0,948718	0,751678	0,393617	0,764103	1,241611	0,006667		
37	2	111	45	0,711538	0,948718	0,25	0,948718	0,75	0,395722	0,758974	1,25	0,01		
36	3	110	46	0,705128	0,923077	0,246575	0,923077	0,753425	0,389189	0,748718	1,232877	0,01		
34	5	100	56	0,641026	0,871795	0,253731	0,871795	0,746269	0,393064	0,687179	1,268657	0,010885		
34	5	99	57	0,634615	0,871795	0,255639	0,871795	0,744361	0,395349	0,682051	1,278195	0,016667		
34	5	97	59	0,621795	0,871795	0,259542	0,871795	0,740458	0,4	0,671795	1,29771	0,018379		
34	5	96	60	0,615385	0,871795	0,261538	0,871795	0,738462	0,402367	0,666667	1,307692	0,018442		
34	5	95	61	0,608974	0,871795	0,263566	0,871795	0,736434	0,404762	0,661538	1,317829	0,019214		
34	5	94	62	0,602564	0,871795	0,265625	0,871795	0,734375	0,407186	0,65641	1,328125	0,019583		
34	5	93	63	0,596154	0,871795	0,267717	0,871795	0,732283	0,409639	0,651282	1,338583	0,02		
33	6	93	63	0,596154	0,846154	0,261905	0,846154	0,738095	0,4	0,646154	1,309524	0,02		
33	6	88	68	0,564103	0,846154	0,272727	0,846154	0,727273	0,4125	0,620513	1,363636	0,026667		
32	7	88	68	0,564103	0,820513	0,266667	0,820513	0,733333	0,402516	0,615385	1,333333	0,028138		
32	7	87	69	0,557692	0,820513	0,268908	0,820513	0,731092	0,405063	0,610256	1,344538	0,03		
31	8	80	76	0,512821	0,794872	0,279279	0,794872	0,720721	0,413333	0,569231	1,396396	0,030667		
31	8	79	77	0,50641	0,794872	0,281818	0,794872	0,718182	0,416107	0,564103	1,409091	0,031111		
31	8	78	78	0,5	0,794872	0,284404	0,794872	0,715596	0,418919	0,558974	1,422018	0,033333		
31	8	77	79	0,49359	0,794872	0,287037	0,794872	0,712963	0,421769	0,553846	1,435185	0,036471		
31	8	76	80	0,487179	0,794872	0,28972	0,794872	0,71028	0,424658	0,548718	1,448598	0,03819		
31	8	75	81	0,480769	0,794872	0,292453	0,794872	0,707547	0,427586	0,54359	1,462264	0,038333		
31	8	74	82	0,474359	0,794872	0,295238	0,794872	0,704762	0,430556	0,538462	1,47619	0,04		
30	9	74	82	0,474359	0,769231	0,288462	0,769231	0,711538	0,41958	0,533333	1,442308	0,04		
30	9	73	83	0,467949	0,769231	0,291262	0,769231	0,708738	0,422535	0,528205	1,456311	0,04694		
30	9	72	84	0,461538	0,769231	0,294118	0,769231	0,705882	0,425532	0,523077	1,470588	47		
30	9	71	85	0,455128	0,769231	0,29703	0,769231	0,70297	0,428571	0,517949	1,485149	0,0475		
30	9	70	86	0,448718	0,769231	0,3	0,769231	0,7	0,431655	0,512821	1,5	0,05		
30	9	67	89	0,429487	0,769231	0,309278	0,769231	0,690722	0,441176	0,497436	1,546392	0,052524		
30	9	66	90	0,423077	0,769231	0,3125	0,769231	0,6875	0,444444	0,492308	1,5625	0,06		
30	9	63	93	0,403846	0,769231	0,322581	0,769231	0,677419	0,454545	0,476923	1,612903	0,060833		
30	9	62	94	0,397436	0,769231	0,326087	0,769231	0,673913	0,458015	0,471795	1,630435	0,064952		
30	9	61	95	0,391026	0,769231	0,32967	0,769231	0,67033	0,461538	0,466667	1,648352	0,070995		
30	9	60	96	0,384615	0,769231	0,333333	0,769231	0,666667	0,465116	0,461538	1,666667	0,078554		
29	10	60	96	0,384615	0,74359	0,325843	0,74359	0,674157	0,453125	0,45641	1,629213	0,083333		
29	10	59	97	0,378205	0,74359	0,329545	0,74359	0,670455	0,456693	0,451282	1,647727	0,09		
28	11	59	97	0,378205	0,717949	0,321839	0,717949	0,678161	0,444444	0,446154	1,609195	0,1		
28	11	57	99	0,365385	0,717949	0,329412	0,717949	0,670588	0,451613	0,435897	1,647059	0,101092		
28	11	56	100	0,358974	0,717949	0,333333	0,717949	0,666667	0,455285	0,430769	1,666667	102		
27	12	56	100	0,358974	0,692308	0,325301	0,692308	0,674699	0,442623	0,425641	1,626506	0,11		
27	12	55	101	0,352564	0,692308	0,329268	0,692308	0,670732	0,446281	0,420513	1,646341	0,11		
27	12	54	102	0,346154	0,692308	0,333333	0,692308	0,666667	0,45	0,415385	1,666667	0,11		
27	12	53	103	0,339744	0,692308	0,3375	0,692308	0,6625	0,453782	0,410256	1,6875	0,111199		
27	12	52	104	0,333333	0,692308	0,341772	0,692308	0,658228	0,457627	0,405128	1,708861	0,12		
27	12	49	107	0,314103	0,692308	0,355263	0,692308	0,644737	0,469565	0,389744	1,776316	0,126167		
27	12	48	108	0,307692	0,692308	0,36	0,692308	0,64	0,473684	0,384615	1,8	0,1525		
27	12	47	109	0,301282	0,692308	0,364865	0,692308	0,635135	0,477876	0,379487	1,824324	0,157167		
27	12	46	110	0,294872	0,692308	0,369863	0,692308	0,630137	0,482143	0,374359	1,849315	0,159974		
27	12	45	111	0,288462	0,692308	375	0,692308	625	0,486486	0,369231	1875	0,165669		
27	12	44	112	0,282051	0,692308	0,380282	0,692308	0,619718	0,490909	0,364103	1,901408	167		
26	13	44	112	0,282051	0,666667	0,371429	0,666667	0,628571	0,477064	0,358974	1,857143	0,169286		
26	13	43	113	0,275641	0,666667	0,376812	0,666667	0,623188	0,481481	0,353846	1,884058	0,17		
26	13	41	115	0,262821	0,666667	0,38806	0,666667	0,61194	0,490566	0,34359	1,940299	0,1825		
26	13	40	116	0,25641	0,666667	0,393939	0,666667	0,606061	0,495238	0,338462	1,969697	185		
26	13	39	117	0,25	0,666667	0,4	0,666667	0,6	0,5	0,333333	2	187		
26	13	38	118	0,24359	0,666667	0,40625	0,666667	0,59375	0,504854	0,328205	2,03125	0,19		
26	13	37	119	0,237179	0,666667	0,412698	0,666667	0,587302	0,509804	0,323077	2,063492	0,1925		
26	13	36	120	0,230769	0,666667	0,419355	0,666667	0,580645	0,514851	0,317949	2,096774	0,195865		
25	14	36	120	0,230769	0,641026	0,409836	0,641026	0,590164	0,5	0,312821	2,04918	0,19628		
25	14	35	121	0,224359	0,641026	0,416667	0,641026	0,583333	0,505051	0,307692	2,083333	0,2		
25	14	33	123	0,211538	0,641026	0,431034	0,641026	0,568966	0,515464	0,297436	2,155172	0,217385		
24	15	33	123	0,211538	0,615385	0,421053	0,615385	0,578947	0,5	0,292308	2,105263	0,225135		
23	16	33	123	0,211538	0,589744	0,410714	0,589744	0,589286	0,484211	0,287179	2,053571	0,229778		
23	16	32	124	0,205128	0,589744	0,418182	0,589744	0,581818	0,489362	0,282051	2,090909	0,238583		
23	16	31	125	0,198718	0,589744	0,425926	0,589744	0,574074	0,494624	0,276923	2,12963	0,25		
23	16	30	126	0,192308	0,589744	0,433962	0,589744	0,566038	0,5	0,271795	2,169811	0,251667		
23	16	29	127	0,185897	0,589744	0,442308	0,589744	0,557692	0,505495	0,266667	2,211538	0,260076		
23	16	28	128	0,179487	0,589744	0,45098	0,589744	0,54902	0,511111	0,261538	2,254902	0,277817		
22	17	28	128	0,179487	0,564103	0,44	0,564103	0,56	0,494382	0,25641	2,2	0,280101		
21	18	28	128	0,179487	0,538462	0,428571	0,538462	0,571429	0,477273	0,251282	2,142857	0,292367		
21	18	27	129	0,173077	0,538462	0,4375	0,538462	0,5625	0,482759	0,246154	2,1875	0,293548		
21	18	26	130	0,166667	0,538462	0,446809	0,538462	0,553191	0,488372	0,241026	2,234043	0,307413		
21	18	25	131	0,160256	0,538462	0,456522	0,538462	0,543478	0,494118	0,235897	2,282609	0,309751		
20	19	25	131	0,160256	0,512821	0,444444	0,512821	0,555556	0,47619	0,230769	2,222222	0,310333		
19	20	25	131	0,160256	0,487179	0,431818	0,487179	0,568182	0,457831	0,225641	2,159091	0,315214		
18	21	25	131	0,160256	0,461538	0,418605	0,461538	0,581395	0,439024	0,220513	2,093023	0,323667		
17	22	25	131	0,160256	0,435897	0,404762	0,435897	0,595238	0,419753	0,215385	2,02381	0,34		
17	22	24	132	0,153846	0,435897	0,414634	0,435897	0,585366	425	0,210256	2,073171	0,345472		
17	22	23	133	0,147436	0,435897	425	0,435897	575	0,43038	0,205128	2125	0,345577		
17	22	22	134	0,141026	0,435897	0,435897	0,435897	0,564103	0,435897	0,2	2,179487	0,347611		
17	22	21	135	0,134615	0,435897	0,447368	0,435897	0,552632	0,441558	0,194872	2,236842	0,350357		
17	22	20	136	0,128205	0,435897	0,459459	0,435897	0,540541	0,447368	0,189744	2,297297	0,363505		
17	22	19	137	0,121795	0,435897	0,472222	0,435897	0,527778	0,453333	0,184615	2,361111	0,364494		
16	23	19	137	0,121795	0,410256	0,457143	0,410256	0,542857	0,432432	0,179487	2,285714	0,369767		
15	24	19	137	0,121795	0,384615	0,441176	0,384615	0,558824	0,410959	0,174359	2,205882	0,37		
15	24	18	138	0,115385	0,384615	0,454545	0,384615	0,545455	0,416667	0,169231	2,272727	0,376261		
15	24	17	139	0,108974	0,384615	0,46875	0,384615	0,53125	0,422535	0,164103	2,34375	0,389676		
15	24	16	140	0,102564	0,384615	0,483871	0,384615	0,516129	0,428571	0,158974	2,419355	0,392575		
15	24	15	141	0,096154	0,384615	0,5	0,384615	0,5	0,434783	0,153846	2,5	0,400904		
15	24	14	142	0,089744	0,384615	0,517241	0,384615	0,482759	0,441176	0,148718	2,586207	0,415152		
14	25	14	142	0,089744	0,358974	0,5	0,358974	0,5	0,41791	0,14359	2,5	0,417658		
14	25	13	143	0,083333	0,358974	0,518519	0,358974	0,481481	0,424242	0,138462	2,592593	0,423417		
14	25	12	144	0,076923	0,358974	0,538462	0,358974	0,461538	0,430769	0,133333	2,692308	0,425469		
14	25	11	145	0,070513	0,358974	0,56	0,358974	0,44	0,4375	0,128205	2,8	0,44923		
13	26	11	145	0,070513	0,333333	0,541667	0,333333	0,458333	0,412698	0,123077	2,708333	0,4509		
12	27	11	145	0,070513	0,307692	0,521739	0,307692	0,478261	0,387097	0,117949	2,608696	0,455294		
12	27	10	146	0,064103	0,307692	0,545455	0,307692	0,454545	0,393443	0,112821	2,727273	0,457805		
12	27	9	147	0,057692	0,307692	0,571429	0,307692	0,428571	0,4	0,107692	2,857143	0,458214		
12	27	8	148	0,051282	0,307692	0,6	0,307692	0,4	0,40678	0,102564	3	0,458602		
11	28	8	148	0,051282	0,282051	0,578947	0,282051	0,421053	0,37931	0,097436	2,894737	0,458772		
11	28	7	149	0,044872	0,282051	0,611111	0,282051	0,388889	0,385965	0,092308	3,055556	0,497054		
10	29	7	149	0,044872	0,25641	0,588235	0,25641	0,411765	0,357143	0,087179	2,941176	0,508635		
10	29	6	150	0,038462	0,25641	625	0,25641	375	0,363636	0,082051	3125	0,51		
10	29	5	151	0,032051	0,25641	0,666667	0,25641	0,333333	0,37037	0,076923	3,333333	0,512917		
9	30	5	151	0,032051	0,230769	0,642857	0,230769	0,357143	0,339623	0,071795	3,214286	0,53623		
9	30	4	152	0,025641	0,230769	0,692308	0,230769	0,307692	0,346154	0,066667	3,461538	0,552942		
9	30	3	153	0,019231	0,230769	0,75	0,230769	0,25	0,352941	0,061538	3,75	0,562207		
8	31	3	153	0,019231	0,205128	0,727273	0,205128	0,272727	0,32	0,05641	3,636364	0,602054		
7	32	3	153	0,019231	0,179487	0,7	0,179487	0,3	0,285714	0,051282	3,5	0,607879		
6	33	3	153	0,019231	0,153846	0,666667	0,153846	0,333333	0,25	0,046154	3,333333	0,611583		
6	33	2	154	0,012821	0,153846	0,75	0,153846	0,25	0,255319	0,041026	3,75	0,64677		
5	34	2	154	0,012821	0,128205	0,714286	0,128205	0,285714	0,217391	0,035897	3,571429	0,652096		
4	35	2	154	0,012821	0,102564	0,666667	0,102564	0,333333	0,177778	0,030769	3,333333	0,698642		
3	36	2	154	0,012821	0,076923	0,6	0,076923	0,4	0,136364	0,025641	3	0,727131		
2	37	2	154	0,012821	0,051282	0,5	0,051282	0,5	0,093023	0,020513	?	0,736028		
1	38	2	154	0,012821	0,025641	0,333333	0,025641	0,666667	0,047619	0,015385	?	0,74		
1	38	1	155	0,00641	0,025641	0,5	0,025641	0,5	0,04878	0,010256	?	0,746563		
0	39	1	155	0,00641	0	0	0	1	0	0,005128	?	0,783333		
0	39	0	156	0	0	0	0	0	0	0	?	0,783343		
